{
  "nodes": [
    {
      "op": "null", 
      "name": "data", 
      "inputs": []
    }, 
    {
      "op": "null", 
      "name": "mobilenet0_conv0_weight", 
      "attrs": {
        "__dtype__": "0", 
        "__lr_mult__": "1.0", 
        "__shape__": "(8L, 3L, 3L, 3L)", 
        "__storage_type__": "0", 
        "__wd_mult__": "1.0"
      }, 
      "inputs": []
    }, 
    {
      "op": "Convolution", 
      "name": "mobilenet0_conv0_fwd", 
      "attrs": {
        "dilate": "(1, 1)", 
        "kernel": "(3, 3)", 
        "layout": "NCHW", 
        "no_bias": "True", 
        "num_filter": "8", 
        "num_group": "1", 
        "pad": "(1, 1)", 
        "stride": "(2, 2)"
      }, 
      "inputs": [[0, 0, 0], [1, 0, 0]]
    }, 
    {
      "op": "null", 
      "name": "mobilenet0_batchnorm0_gamma", 
      "attrs": {
        "__dtype__": "0", 
        "__init__": "ones", 
        "__lr_mult__": "1.0", 
        "__shape__": "(8L,)", 
        "__storage_type__": "0", 
        "__wd_mult__": "1.0"
      }, 
      "inputs": []
    }, 
    {
      "op": "null", 
      "name": "mobilenet0_batchnorm0_beta", 
      "attrs": {
        "__dtype__": "0", 
        "__init__": "zeros", 
        "__lr_mult__": "1.0", 
        "__shape__": "(8L,)", 
        "__storage_type__": "0", 
        "__wd_mult__": "1.0"
      }, 
      "inputs": []
    }, 
    {
      "op": "null", 
      "name": "mobilenet0_batchnorm0_running_mean", 
      "attrs": {
        "__dtype__": "0", 
        "__init__": "zeros", 
        "__lr_mult__": "1.0", 
        "__shape__": "(8L,)", 
        "__storage_type__": "0", 
        "__wd_mult__": "1.0"
      }, 
      "inputs": []
    }, 
    {
      "op": "null", 
      "name": "mobilenet0_batchnorm0_running_var", 
      "attrs": {
        "__dtype__": "0", 
        "__init__": "ones", 
        "__lr_mult__": "1.0", 
        "__shape__": "(8L,)", 
        "__storage_type__": "0", 
        "__wd_mult__": "1.0"
      }, 
      "inputs": []
    }, 
    {
      "op": "BatchNorm", 
      "name": "mobilenet0_batchnorm0_fwd", 
      "attrs": {
        "axis": "1", 
        "eps": "1e-05", 
        "fix_gamma": "False", 
        "momentum": "0.9", 
        "use_global_stats": "False"
      }, 
      "inputs": [[2, 0, 0], [3, 0, 0], [4, 0, 0], [5, 0, 1], [6, 0, 1]]
    }, 
    {
      "op": "Activation", 
      "name": "mobilenet0_relu0_fwd", 
      "attrs": {"act_type": "relu"}, 
      "inputs": [[7, 0, 0]]
    }, 
    {
      "op": "null", 
      "name": "mobilenet0_conv1_weight", 
      "attrs": {
        "__dtype__": "0", 
        "__lr_mult__": "1.0", 
        "__shape__": "(8L, 1L, 3L, 3L)", 
        "__storage_type__": "0", 
        "__wd_mult__": "1.0"
      }, 
      "inputs": []
    }, 
    {
      "op": "Convolution", 
      "name": "mobilenet0_conv1_fwd", 
      "attrs": {
        "dilate": "(1, 1)", 
        "kernel": "(3, 3)", 
        "layout": "NCHW", 
        "no_bias": "True", 
        "num_filter": "8", 
        "num_group": "8", 
        "pad": "(1, 1)", 
        "stride": "(1, 1)"
      }, 
      "inputs": [[8, 0, 0], [9, 0, 0]]
    }, 
    {
      "op": "null", 
      "name": "mobilenet0_batchnorm1_gamma", 
      "attrs": {
        "__dtype__": "0", 
        "__init__": "ones", 
        "__lr_mult__": "1.0", 
        "__shape__": "(8L,)", 
        "__storage_type__": "0", 
        "__wd_mult__": "1.0"
      }, 
      "inputs": []
    }, 
    {
      "op": "null", 
      "name": "mobilenet0_batchnorm1_beta", 
      "attrs": {
        "__dtype__": "0", 
        "__init__": "zeros", 
        "__lr_mult__": "1.0", 
        "__shape__": "(8L,)", 
        "__storage_type__": "0", 
        "__wd_mult__": "1.0"
      }, 
      "inputs": []
    }, 
    {
      "op": "null", 
      "name": "mobilenet0_batchnorm1_running_mean", 
      "attrs": {
        "__dtype__": "0", 
        "__init__": "zeros", 
        "__lr_mult__": "1.0", 
        "__shape__": "(8L,)", 
        "__storage_type__": "0", 
        "__wd_mult__": "1.0"
      }, 
      "inputs": []
    }, 
    {
      "op": "null", 
      "name": "mobilenet0_batchnorm1_running_var", 
      "attrs": {
        "__dtype__": "0", 
        "__init__": "ones", 
        "__lr_mult__": "1.0", 
        "__shape__": "(8L,)", 
        "__storage_type__": "0", 
        "__wd_mult__": "1.0"
      }, 
      "inputs": []
    }, 
    {
      "op": "BatchNorm", 
      "name": "mobilenet0_batchnorm1_fwd", 
      "attrs": {
        "axis": "1", 
        "eps": "1e-05", 
        "fix_gamma": "False", 
        "momentum": "0.9", 
        "use_global_stats": "False"
      }, 
      "inputs": [[10, 0, 0], [11, 0, 0], [12, 0, 0], [13, 0, 1], [14, 0, 1]]
    }, 
    {
      "op": "Activation", 
      "name": "mobilenet0_relu1_fwd", 
      "attrs": {"act_type": "relu"}, 
      "inputs": [[15, 0, 0]]
    }, 
    {
      "op": "null", 
      "name": "mobilenet0_conv2_weight", 
      "attrs": {
        "__dtype__": "0", 
        "__lr_mult__": "1.0", 
        "__shape__": "(16L, 8L, 1L, 1L)", 
        "__storage_type__": "0", 
        "__wd_mult__": "1.0"
      }, 
      "inputs": []
    }, 
    {
      "op": "Convolution", 
      "name": "mobilenet0_conv2_fwd", 
      "attrs": {
        "dilate": "(1, 1)", 
        "kernel": "(1, 1)", 
        "layout": "NCHW", 
        "no_bias": "True", 
        "num_filter": "16", 
        "num_group": "1", 
        "pad": "(0, 0)", 
        "stride": "(1, 1)"
      }, 
      "inputs": [[16, 0, 0], [17, 0, 0]]
    }, 
    {
      "op": "null", 
      "name": "mobilenet0_batchnorm2_gamma", 
      "attrs": {
        "__dtype__": "0", 
        "__init__": "ones", 
        "__lr_mult__": "1.0", 
        "__shape__": "(16L,)", 
        "__storage_type__": "0", 
        "__wd_mult__": "1.0"
      }, 
      "inputs": []
    }, 
    {
      "op": "null", 
      "name": "mobilenet0_batchnorm2_beta", 
      "attrs": {
        "__dtype__": "0", 
        "__init__": "zeros", 
        "__lr_mult__": "1.0", 
        "__shape__": "(16L,)", 
        "__storage_type__": "0", 
        "__wd_mult__": "1.0"
      }, 
      "inputs": []
    }, 
    {
      "op": "null", 
      "name": "mobilenet0_batchnorm2_running_mean", 
      "attrs": {
        "__dtype__": "0", 
        "__init__": "zeros", 
        "__lr_mult__": "1.0", 
        "__shape__": "(16L,)", 
        "__storage_type__": "0", 
        "__wd_mult__": "1.0"
      }, 
      "inputs": []
    }, 
    {
      "op": "null", 
      "name": "mobilenet0_batchnorm2_running_var", 
      "attrs": {
        "__dtype__": "0", 
        "__init__": "ones", 
        "__lr_mult__": "1.0", 
        "__shape__": "(16L,)", 
        "__storage_type__": "0", 
        "__wd_mult__": "1.0"
      }, 
      "inputs": []
    }, 
    {
      "op": "BatchNorm", 
      "name": "mobilenet0_batchnorm2_fwd", 
      "attrs": {
        "axis": "1", 
        "eps": "1e-05", 
        "fix_gamma": "False", 
        "momentum": "0.9", 
        "use_global_stats": "False"
      }, 
      "inputs": [[18, 0, 0], [19, 0, 0], [20, 0, 0], [21, 0, 1], [22, 0, 1]]
    }, 
    {
      "op": "Activation", 
      "name": "mobilenet0_relu2_fwd", 
      "attrs": {"act_type": "relu"}, 
      "inputs": [[23, 0, 0]]
    }, 
    {
      "op": "null", 
      "name": "mobilenet0_conv3_weight", 
      "attrs": {
        "__dtype__": "0", 
        "__lr_mult__": "1.0", 
        "__shape__": "(16L, 1L, 3L, 3L)", 
        "__storage_type__": "0", 
        "__wd_mult__": "1.0"
      }, 
      "inputs": []
    }, 
    {
      "op": "Convolution", 
      "name": "mobilenet0_conv3_fwd", 
      "attrs": {
        "dilate": "(1, 1)", 
        "kernel": "(3, 3)", 
        "layout": "NCHW", 
        "no_bias": "True", 
        "num_filter": "16", 
        "num_group": "16", 
        "pad": "(1, 1)", 
        "stride": "(2, 2)"
      }, 
      "inputs": [[24, 0, 0], [25, 0, 0]]
    }, 
    {
      "op": "null", 
      "name": "mobilenet0_batchnorm3_gamma", 
      "attrs": {
        "__dtype__": "0", 
        "__init__": "ones", 
        "__lr_mult__": "1.0", 
        "__shape__": "(16L,)", 
        "__storage_type__": "0", 
        "__wd_mult__": "1.0"
      }, 
      "inputs": []
    }, 
    {
      "op": "null", 
      "name": "mobilenet0_batchnorm3_beta", 
      "attrs": {
        "__dtype__": "0", 
        "__init__": "zeros", 
        "__lr_mult__": "1.0", 
        "__shape__": "(16L,)", 
        "__storage_type__": "0", 
        "__wd_mult__": "1.0"
      }, 
      "inputs": []
    }, 
    {
      "op": "null", 
      "name": "mobilenet0_batchnorm3_running_mean", 
      "attrs": {
        "__dtype__": "0", 
        "__init__": "zeros", 
        "__lr_mult__": "1.0", 
        "__shape__": "(16L,)", 
        "__storage_type__": "0", 
        "__wd_mult__": "1.0"
      }, 
      "inputs": []
    }, 
    {
      "op": "null", 
      "name": "mobilenet0_batchnorm3_running_var", 
      "attrs": {
        "__dtype__": "0", 
        "__init__": "ones", 
        "__lr_mult__": "1.0", 
        "__shape__": "(16L,)", 
        "__storage_type__": "0", 
        "__wd_mult__": "1.0"
      }, 
      "inputs": []
    }, 
    {
      "op": "BatchNorm", 
      "name": "mobilenet0_batchnorm3_fwd", 
      "attrs": {
        "axis": "1", 
        "eps": "1e-05", 
        "fix_gamma": "False", 
        "momentum": "0.9", 
        "use_global_stats": "False"
      }, 
      "inputs": [[26, 0, 0], [27, 0, 0], [28, 0, 0], [29, 0, 1], [30, 0, 1]]
    }, 
    {
      "op": "Activation", 
      "name": "mobilenet0_relu3_fwd", 
      "attrs": {"act_type": "relu"}, 
      "inputs": [[31, 0, 0]]
    }, 
    {
      "op": "null", 
      "name": "mobilenet0_conv4_weight", 
      "attrs": {
        "__dtype__": "0", 
        "__lr_mult__": "1.0", 
        "__shape__": "(32L, 16L, 1L, 1L)", 
        "__storage_type__": "0", 
        "__wd_mult__": "1.0"
      }, 
      "inputs": []
    }, 
    {
      "op": "Convolution", 
      "name": "mobilenet0_conv4_fwd", 
      "attrs": {
        "dilate": "(1, 1)", 
        "kernel": "(1, 1)", 
        "layout": "NCHW", 
        "no_bias": "True", 
        "num_filter": "32", 
        "num_group": "1", 
        "pad": "(0, 0)", 
        "stride": "(1, 1)"
      }, 
      "inputs": [[32, 0, 0], [33, 0, 0]]
    }, 
    {
      "op": "null", 
      "name": "mobilenet0_batchnorm4_gamma", 
      "attrs": {
        "__dtype__": "0", 
        "__init__": "ones", 
        "__lr_mult__": "1.0", 
        "__shape__": "(32L,)", 
        "__storage_type__": "0", 
        "__wd_mult__": "1.0"
      }, 
      "inputs": []
    }, 
    {
      "op": "null", 
      "name": "mobilenet0_batchnorm4_beta", 
      "attrs": {
        "__dtype__": "0", 
        "__init__": "zeros", 
        "__lr_mult__": "1.0", 
        "__shape__": "(32L,)", 
        "__storage_type__": "0", 
        "__wd_mult__": "1.0"
      }, 
      "inputs": []
    }, 
    {
      "op": "null", 
      "name": "mobilenet0_batchnorm4_running_mean", 
      "attrs": {
        "__dtype__": "0", 
        "__init__": "zeros", 
        "__lr_mult__": "1.0", 
        "__shape__": "(32L,)", 
        "__storage_type__": "0", 
        "__wd_mult__": "1.0"
      }, 
      "inputs": []
    }, 
    {
      "op": "null", 
      "name": "mobilenet0_batchnorm4_running_var", 
      "attrs": {
        "__dtype__": "0", 
        "__init__": "ones", 
        "__lr_mult__": "1.0", 
        "__shape__": "(32L,)", 
        "__storage_type__": "0", 
        "__wd_mult__": "1.0"
      }, 
      "inputs": []
    }, 
    {
      "op": "BatchNorm", 
      "name": "mobilenet0_batchnorm4_fwd", 
      "attrs": {
        "axis": "1", 
        "eps": "1e-05", 
        "fix_gamma": "False", 
        "momentum": "0.9", 
        "use_global_stats": "False"
      }, 
      "inputs": [[34, 0, 0], [35, 0, 0], [36, 0, 0], [37, 0, 1], [38, 0, 1]]
    }, 
    {
      "op": "Activation", 
      "name": "mobilenet0_relu4_fwd", 
      "attrs": {"act_type": "relu"}, 
      "inputs": [[39, 0, 0]]
    }, 
    {
      "op": "null", 
      "name": "mobilenet0_conv5_weight", 
      "attrs": {
        "__dtype__": "0", 
        "__lr_mult__": "1.0", 
        "__shape__": "(32L, 1L, 3L, 3L)", 
        "__storage_type__": "0", 
        "__wd_mult__": "1.0"
      }, 
      "inputs": []
    }, 
    {
      "op": "Convolution", 
      "name": "mobilenet0_conv5_fwd", 
      "attrs": {
        "dilate": "(1, 1)", 
        "kernel": "(3, 3)", 
        "layout": "NCHW", 
        "no_bias": "True", 
        "num_filter": "32", 
        "num_group": "32", 
        "pad": "(1, 1)", 
        "stride": "(1, 1)"
      }, 
      "inputs": [[40, 0, 0], [41, 0, 0]]
    }, 
    {
      "op": "null", 
      "name": "mobilenet0_batchnorm5_gamma", 
      "attrs": {
        "__dtype__": "0", 
        "__init__": "ones", 
        "__lr_mult__": "1.0", 
        "__shape__": "(32L,)", 
        "__storage_type__": "0", 
        "__wd_mult__": "1.0"
      }, 
      "inputs": []
    }, 
    {
      "op": "null", 
      "name": "mobilenet0_batchnorm5_beta", 
      "attrs": {
        "__dtype__": "0", 
        "__init__": "zeros", 
        "__lr_mult__": "1.0", 
        "__shape__": "(32L,)", 
        "__storage_type__": "0", 
        "__wd_mult__": "1.0"
      }, 
      "inputs": []
    }, 
    {
      "op": "null", 
      "name": "mobilenet0_batchnorm5_running_mean", 
      "attrs": {
        "__dtype__": "0", 
        "__init__": "zeros", 
        "__lr_mult__": "1.0", 
        "__shape__": "(32L,)", 
        "__storage_type__": "0", 
        "__wd_mult__": "1.0"
      }, 
      "inputs": []
    }, 
    {
      "op": "null", 
      "name": "mobilenet0_batchnorm5_running_var", 
      "attrs": {
        "__dtype__": "0", 
        "__init__": "ones", 
        "__lr_mult__": "1.0", 
        "__shape__": "(32L,)", 
        "__storage_type__": "0", 
        "__wd_mult__": "1.0"
      }, 
      "inputs": []
    }, 
    {
      "op": "BatchNorm", 
      "name": "mobilenet0_batchnorm5_fwd", 
      "attrs": {
        "axis": "1", 
        "eps": "1e-05", 
        "fix_gamma": "False", 
        "momentum": "0.9", 
        "use_global_stats": "False"
      }, 
      "inputs": [[42, 0, 0], [43, 0, 0], [44, 0, 0], [45, 0, 1], [46, 0, 1]]
    }, 
    {
      "op": "Activation", 
      "name": "mobilenet0_relu5_fwd", 
      "attrs": {"act_type": "relu"}, 
      "inputs": [[47, 0, 0]]
    }, 
    {
      "op": "null", 
      "name": "mobilenet0_conv6_weight", 
      "attrs": {
        "__dtype__": "0", 
        "__lr_mult__": "1.0", 
        "__shape__": "(32L, 32L, 1L, 1L)", 
        "__storage_type__": "0", 
        "__wd_mult__": "1.0"
      }, 
      "inputs": []
    }, 
    {
      "op": "Convolution", 
      "name": "mobilenet0_conv6_fwd", 
      "attrs": {
        "dilate": "(1, 1)", 
        "kernel": "(1, 1)", 
        "layout": "NCHW", 
        "no_bias": "True", 
        "num_filter": "32", 
        "num_group": "1", 
        "pad": "(0, 0)", 
        "stride": "(1, 1)"
      }, 
      "inputs": [[48, 0, 0], [49, 0, 0]]
    }, 
    {
      "op": "null", 
      "name": "mobilenet0_batchnorm6_gamma", 
      "attrs": {
        "__dtype__": "0", 
        "__init__": "ones", 
        "__lr_mult__": "1.0", 
        "__shape__": "(32L,)", 
        "__storage_type__": "0", 
        "__wd_mult__": "1.0"
      }, 
      "inputs": []
    }, 
    {
      "op": "null", 
      "name": "mobilenet0_batchnorm6_beta", 
      "attrs": {
        "__dtype__": "0", 
        "__init__": "zeros", 
        "__lr_mult__": "1.0", 
        "__shape__": "(32L,)", 
        "__storage_type__": "0", 
        "__wd_mult__": "1.0"
      }, 
      "inputs": []
    }, 
    {
      "op": "null", 
      "name": "mobilenet0_batchnorm6_running_mean", 
      "attrs": {
        "__dtype__": "0", 
        "__init__": "zeros", 
        "__lr_mult__": "1.0", 
        "__shape__": "(32L,)", 
        "__storage_type__": "0", 
        "__wd_mult__": "1.0"
      }, 
      "inputs": []
    }, 
    {
      "op": "null", 
      "name": "mobilenet0_batchnorm6_running_var", 
      "attrs": {
        "__dtype__": "0", 
        "__init__": "ones", 
        "__lr_mult__": "1.0", 
        "__shape__": "(32L,)", 
        "__storage_type__": "0", 
        "__wd_mult__": "1.0"
      }, 
      "inputs": []
    }, 
    {
      "op": "BatchNorm", 
      "name": "mobilenet0_batchnorm6_fwd", 
      "attrs": {
        "axis": "1", 
        "eps": "1e-05", 
        "fix_gamma": "False", 
        "momentum": "0.9", 
        "use_global_stats": "False"
      }, 
      "inputs": [[50, 0, 0], [51, 0, 0], [52, 0, 0], [53, 0, 1], [54, 0, 1]]
    }, 
    {
      "op": "Activation", 
      "name": "mobilenet0_relu6_fwd", 
      "attrs": {"act_type": "relu"}, 
      "inputs": [[55, 0, 0]]
    }, 
    {
      "op": "null", 
      "name": "mobilenet0_conv7_weight", 
      "attrs": {
        "__dtype__": "0", 
        "__lr_mult__": "1.0", 
        "__shape__": "(32L, 1L, 3L, 3L)", 
        "__storage_type__": "0", 
        "__wd_mult__": "1.0"
      }, 
      "inputs": []
    }, 
    {
      "op": "Convolution", 
      "name": "mobilenet0_conv7_fwd", 
      "attrs": {
        "dilate": "(1, 1)", 
        "kernel": "(3, 3)", 
        "layout": "NCHW", 
        "no_bias": "True", 
        "num_filter": "32", 
        "num_group": "32", 
        "pad": "(1, 1)", 
        "stride": "(2, 2)"
      }, 
      "inputs": [[56, 0, 0], [57, 0, 0]]
    }, 
    {
      "op": "null", 
      "name": "mobilenet0_batchnorm7_gamma", 
      "attrs": {
        "__dtype__": "0", 
        "__init__": "ones", 
        "__lr_mult__": "1.0", 
        "__shape__": "(32L,)", 
        "__storage_type__": "0", 
        "__wd_mult__": "1.0"
      }, 
      "inputs": []
    }, 
    {
      "op": "null", 
      "name": "mobilenet0_batchnorm7_beta", 
      "attrs": {
        "__dtype__": "0", 
        "__init__": "zeros", 
        "__lr_mult__": "1.0", 
        "__shape__": "(32L,)", 
        "__storage_type__": "0", 
        "__wd_mult__": "1.0"
      }, 
      "inputs": []
    }, 
    {
      "op": "null", 
      "name": "mobilenet0_batchnorm7_running_mean", 
      "attrs": {
        "__dtype__": "0", 
        "__init__": "zeros", 
        "__lr_mult__": "1.0", 
        "__shape__": "(32L,)", 
        "__storage_type__": "0", 
        "__wd_mult__": "1.0"
      }, 
      "inputs": []
    }, 
    {
      "op": "null", 
      "name": "mobilenet0_batchnorm7_running_var", 
      "attrs": {
        "__dtype__": "0", 
        "__init__": "ones", 
        "__lr_mult__": "1.0", 
        "__shape__": "(32L,)", 
        "__storage_type__": "0", 
        "__wd_mult__": "1.0"
      }, 
      "inputs": []
    }, 
    {
      "op": "BatchNorm", 
      "name": "mobilenet0_batchnorm7_fwd", 
      "attrs": {
        "axis": "1", 
        "eps": "1e-05", 
        "fix_gamma": "False", 
        "momentum": "0.9", 
        "use_global_stats": "False"
      }, 
      "inputs": [[58, 0, 0], [59, 0, 0], [60, 0, 0], [61, 0, 1], [62, 0, 1]]
    }, 
    {
      "op": "Activation", 
      "name": "mobilenet0_relu7_fwd", 
      "attrs": {"act_type": "relu"}, 
      "inputs": [[63, 0, 0]]
    }, 
    {
      "op": "null", 
      "name": "mobilenet0_conv8_weight", 
      "attrs": {
        "__dtype__": "0", 
        "__lr_mult__": "1.0", 
        "__shape__": "(64L, 32L, 1L, 1L)", 
        "__storage_type__": "0", 
        "__wd_mult__": "1.0"
      }, 
      "inputs": []
    }, 
    {
      "op": "Convolution", 
      "name": "mobilenet0_conv8_fwd", 
      "attrs": {
        "dilate": "(1, 1)", 
        "kernel": "(1, 1)", 
        "layout": "NCHW", 
        "no_bias": "True", 
        "num_filter": "64", 
        "num_group": "1", 
        "pad": "(0, 0)", 
        "stride": "(1, 1)"
      }, 
      "inputs": [[64, 0, 0], [65, 0, 0]]
    }, 
    {
      "op": "null", 
      "name": "mobilenet0_batchnorm8_gamma", 
      "attrs": {
        "__dtype__": "0", 
        "__init__": "ones", 
        "__lr_mult__": "1.0", 
        "__shape__": "(64L,)", 
        "__storage_type__": "0", 
        "__wd_mult__": "1.0"
      }, 
      "inputs": []
    }, 
    {
      "op": "null", 
      "name": "mobilenet0_batchnorm8_beta", 
      "attrs": {
        "__dtype__": "0", 
        "__init__": "zeros", 
        "__lr_mult__": "1.0", 
        "__shape__": "(64L,)", 
        "__storage_type__": "0", 
        "__wd_mult__": "1.0"
      }, 
      "inputs": []
    }, 
    {
      "op": "null", 
      "name": "mobilenet0_batchnorm8_running_mean", 
      "attrs": {
        "__dtype__": "0", 
        "__init__": "zeros", 
        "__lr_mult__": "1.0", 
        "__shape__": "(64L,)", 
        "__storage_type__": "0", 
        "__wd_mult__": "1.0"
      }, 
      "inputs": []
    }, 
    {
      "op": "null", 
      "name": "mobilenet0_batchnorm8_running_var", 
      "attrs": {
        "__dtype__": "0", 
        "__init__": "ones", 
        "__lr_mult__": "1.0", 
        "__shape__": "(64L,)", 
        "__storage_type__": "0", 
        "__wd_mult__": "1.0"
      }, 
      "inputs": []
    }, 
    {
      "op": "BatchNorm", 
      "name": "mobilenet0_batchnorm8_fwd", 
      "attrs": {
        "axis": "1", 
        "eps": "1e-05", 
        "fix_gamma": "False", 
        "momentum": "0.9", 
        "use_global_stats": "False"
      }, 
      "inputs": [[66, 0, 0], [67, 0, 0], [68, 0, 0], [69, 0, 1], [70, 0, 1]]
    }, 
    {
      "op": "Activation", 
      "name": "mobilenet0_relu8_fwd", 
      "attrs": {"act_type": "relu"}, 
      "inputs": [[71, 0, 0]]
    }, 
    {
      "op": "null", 
      "name": "mobilenet0_conv9_weight", 
      "attrs": {
        "__dtype__": "0", 
        "__lr_mult__": "1.0", 
        "__shape__": "(64L, 1L, 3L, 3L)", 
        "__storage_type__": "0", 
        "__wd_mult__": "1.0"
      }, 
      "inputs": []
    }, 
    {
      "op": "Convolution", 
      "name": "mobilenet0_conv9_fwd", 
      "attrs": {
        "dilate": "(1, 1)", 
        "kernel": "(3, 3)", 
        "layout": "NCHW", 
        "no_bias": "True", 
        "num_filter": "64", 
        "num_group": "64", 
        "pad": "(1, 1)", 
        "stride": "(1, 1)"
      }, 
      "inputs": [[72, 0, 0], [73, 0, 0]]
    }, 
    {
      "op": "null", 
      "name": "mobilenet0_batchnorm9_gamma", 
      "attrs": {
        "__dtype__": "0", 
        "__init__": "ones", 
        "__lr_mult__": "1.0", 
        "__shape__": "(64L,)", 
        "__storage_type__": "0", 
        "__wd_mult__": "1.0"
      }, 
      "inputs": []
    }, 
    {
      "op": "null", 
      "name": "mobilenet0_batchnorm9_beta", 
      "attrs": {
        "__dtype__": "0", 
        "__init__": "zeros", 
        "__lr_mult__": "1.0", 
        "__shape__": "(64L,)", 
        "__storage_type__": "0", 
        "__wd_mult__": "1.0"
      }, 
      "inputs": []
    }, 
    {
      "op": "null", 
      "name": "mobilenet0_batchnorm9_running_mean", 
      "attrs": {
        "__dtype__": "0", 
        "__init__": "zeros", 
        "__lr_mult__": "1.0", 
        "__shape__": "(64L,)", 
        "__storage_type__": "0", 
        "__wd_mult__": "1.0"
      }, 
      "inputs": []
    }, 
    {
      "op": "null", 
      "name": "mobilenet0_batchnorm9_running_var", 
      "attrs": {
        "__dtype__": "0", 
        "__init__": "ones", 
        "__lr_mult__": "1.0", 
        "__shape__": "(64L,)", 
        "__storage_type__": "0", 
        "__wd_mult__": "1.0"
      }, 
      "inputs": []
    }, 
    {
      "op": "BatchNorm", 
      "name": "mobilenet0_batchnorm9_fwd", 
      "attrs": {
        "axis": "1", 
        "eps": "1e-05", 
        "fix_gamma": "False", 
        "momentum": "0.9", 
        "use_global_stats": "False"
      }, 
      "inputs": [[74, 0, 0], [75, 0, 0], [76, 0, 0], [77, 0, 1], [78, 0, 1]]
    }, 
    {
      "op": "Activation", 
      "name": "mobilenet0_relu9_fwd", 
      "attrs": {"act_type": "relu"}, 
      "inputs": [[79, 0, 0]]
    }, 
    {
      "op": "null", 
      "name": "mobilenet0_conv10_weight", 
      "attrs": {
        "__dtype__": "0", 
        "__lr_mult__": "1.0", 
        "__shape__": "(64L, 64L, 1L, 1L)", 
        "__storage_type__": "0", 
        "__wd_mult__": "1.0"
      }, 
      "inputs": []
    }, 
    {
      "op": "Convolution", 
      "name": "mobilenet0_conv10_fwd", 
      "attrs": {
        "dilate": "(1, 1)", 
        "kernel": "(1, 1)", 
        "layout": "NCHW", 
        "no_bias": "True", 
        "num_filter": "64", 
        "num_group": "1", 
        "pad": "(0, 0)", 
        "stride": "(1, 1)"
      }, 
      "inputs": [[80, 0, 0], [81, 0, 0]]
    }, 
    {
      "op": "null", 
      "name": "mobilenet0_batchnorm10_gamma", 
      "attrs": {
        "__dtype__": "0", 
        "__init__": "ones", 
        "__lr_mult__": "1.0", 
        "__shape__": "(64L,)", 
        "__storage_type__": "0", 
        "__wd_mult__": "1.0"
      }, 
      "inputs": []
    }, 
    {
      "op": "null", 
      "name": "mobilenet0_batchnorm10_beta", 
      "attrs": {
        "__dtype__": "0", 
        "__init__": "zeros", 
        "__lr_mult__": "1.0", 
        "__shape__": "(64L,)", 
        "__storage_type__": "0", 
        "__wd_mult__": "1.0"
      }, 
      "inputs": []
    }, 
    {
      "op": "null", 
      "name": "mobilenet0_batchnorm10_running_mean", 
      "attrs": {
        "__dtype__": "0", 
        "__init__": "zeros", 
        "__lr_mult__": "1.0", 
        "__shape__": "(64L,)", 
        "__storage_type__": "0", 
        "__wd_mult__": "1.0"
      }, 
      "inputs": []
    }, 
    {
      "op": "null", 
      "name": "mobilenet0_batchnorm10_running_var", 
      "attrs": {
        "__dtype__": "0", 
        "__init__": "ones", 
        "__lr_mult__": "1.0", 
        "__shape__": "(64L,)", 
        "__storage_type__": "0", 
        "__wd_mult__": "1.0"
      }, 
      "inputs": []
    }, 
    {
      "op": "BatchNorm", 
      "name": "mobilenet0_batchnorm10_fwd", 
      "attrs": {
        "axis": "1", 
        "eps": "1e-05", 
        "fix_gamma": "False", 
        "momentum": "0.9", 
        "use_global_stats": "False"
      }, 
      "inputs": [[82, 0, 0], [83, 0, 0], [84, 0, 0], [85, 0, 1], [86, 0, 1]]
    }, 
    {
      "op": "Activation", 
      "name": "mobilenet0_relu10_fwd", 
      "attrs": {"act_type": "relu"}, 
      "inputs": [[87, 0, 0]]
    }, 
    {
      "op": "null", 
      "name": "mobilenet0_conv11_weight", 
      "attrs": {
        "__dtype__": "0", 
        "__lr_mult__": "1.0", 
        "__shape__": "(64L, 1L, 3L, 3L)", 
        "__storage_type__": "0", 
        "__wd_mult__": "1.0"
      }, 
      "inputs": []
    }, 
    {
      "op": "Convolution", 
      "name": "mobilenet0_conv11_fwd", 
      "attrs": {
        "dilate": "(1, 1)", 
        "kernel": "(3, 3)", 
        "layout": "NCHW", 
        "no_bias": "True", 
        "num_filter": "64", 
        "num_group": "64", 
        "pad": "(1, 1)", 
        "stride": "(2, 2)"
      }, 
      "inputs": [[88, 0, 0], [89, 0, 0]]
    }, 
    {
      "op": "null", 
      "name": "mobilenet0_batchnorm11_gamma", 
      "attrs": {
        "__dtype__": "0", 
        "__init__": "ones", 
        "__lr_mult__": "1.0", 
        "__shape__": "(64L,)", 
        "__storage_type__": "0", 
        "__wd_mult__": "1.0"
      }, 
      "inputs": []
    }, 
    {
      "op": "null", 
      "name": "mobilenet0_batchnorm11_beta", 
      "attrs": {
        "__dtype__": "0", 
        "__init__": "zeros", 
        "__lr_mult__": "1.0", 
        "__shape__": "(64L,)", 
        "__storage_type__": "0", 
        "__wd_mult__": "1.0"
      }, 
      "inputs": []
    }, 
    {
      "op": "null", 
      "name": "mobilenet0_batchnorm11_running_mean", 
      "attrs": {
        "__dtype__": "0", 
        "__init__": "zeros", 
        "__lr_mult__": "1.0", 
        "__shape__": "(64L,)", 
        "__storage_type__": "0", 
        "__wd_mult__": "1.0"
      }, 
      "inputs": []
    }, 
    {
      "op": "null", 
      "name": "mobilenet0_batchnorm11_running_var", 
      "attrs": {
        "__dtype__": "0", 
        "__init__": "ones", 
        "__lr_mult__": "1.0", 
        "__shape__": "(64L,)", 
        "__storage_type__": "0", 
        "__wd_mult__": "1.0"
      }, 
      "inputs": []
    }, 
    {
      "op": "BatchNorm", 
      "name": "mobilenet0_batchnorm11_fwd", 
      "attrs": {
        "axis": "1", 
        "eps": "1e-05", 
        "fix_gamma": "False", 
        "momentum": "0.9", 
        "use_global_stats": "False"
      }, 
      "inputs": [[90, 0, 0], [91, 0, 0], [92, 0, 0], [93, 0, 1], [94, 0, 1]]
    }, 
    {
      "op": "Activation", 
      "name": "mobilenet0_relu11_fwd", 
      "attrs": {"act_type": "relu"}, 
      "inputs": [[95, 0, 0]]
    }, 
    {
      "op": "null", 
      "name": "mobilenet0_conv12_weight", 
      "attrs": {
        "__dtype__": "0", 
        "__lr_mult__": "1.0", 
        "__shape__": "(128L, 64L, 1L, 1L)", 
        "__storage_type__": "0", 
        "__wd_mult__": "1.0"
      }, 
      "inputs": []
    }, 
    {
      "op": "Convolution", 
      "name": "mobilenet0_conv12_fwd", 
      "attrs": {
        "dilate": "(1, 1)", 
        "kernel": "(1, 1)", 
        "layout": "NCHW", 
        "no_bias": "True", 
        "num_filter": "128", 
        "num_group": "1", 
        "pad": "(0, 0)", 
        "stride": "(1, 1)"
      }, 
      "inputs": [[96, 0, 0], [97, 0, 0]]
    }, 
    {
      "op": "null", 
      "name": "mobilenet0_batchnorm12_gamma", 
      "attrs": {
        "__dtype__": "0", 
        "__init__": "ones", 
        "__lr_mult__": "1.0", 
        "__shape__": "(128L,)", 
        "__storage_type__": "0", 
        "__wd_mult__": "1.0"
      }, 
      "inputs": []
    }, 
    {
      "op": "null", 
      "name": "mobilenet0_batchnorm12_beta", 
      "attrs": {
        "__dtype__": "0", 
        "__init__": "zeros", 
        "__lr_mult__": "1.0", 
        "__shape__": "(128L,)", 
        "__storage_type__": "0", 
        "__wd_mult__": "1.0"
      }, 
      "inputs": []
    }, 
    {
      "op": "null", 
      "name": "mobilenet0_batchnorm12_running_mean", 
      "attrs": {
        "__dtype__": "0", 
        "__init__": "zeros", 
        "__lr_mult__": "1.0", 
        "__shape__": "(128L,)", 
        "__storage_type__": "0", 
        "__wd_mult__": "1.0"
      }, 
      "inputs": []
    }, 
    {
      "op": "null", 
      "name": "mobilenet0_batchnorm12_running_var", 
      "attrs": {
        "__dtype__": "0", 
        "__init__": "ones", 
        "__lr_mult__": "1.0", 
        "__shape__": "(128L,)", 
        "__storage_type__": "0", 
        "__wd_mult__": "1.0"
      }, 
      "inputs": []
    }, 
    {
      "op": "BatchNorm", 
      "name": "mobilenet0_batchnorm12_fwd", 
      "attrs": {
        "axis": "1", 
        "eps": "1e-05", 
        "fix_gamma": "False", 
        "momentum": "0.9", 
        "use_global_stats": "False"
      }, 
      "inputs": [[98, 0, 0], [99, 0, 0], [100, 0, 0], [101, 0, 1], [102, 0, 1]]
    }, 
    {
      "op": "Activation", 
      "name": "mobilenet0_relu12_fwd", 
      "attrs": {"act_type": "relu"}, 
      "inputs": [[103, 0, 0]]
    }, 
    {
      "op": "null", 
      "name": "mobilenet0_conv13_weight", 
      "attrs": {
        "__dtype__": "0", 
        "__lr_mult__": "1.0", 
        "__shape__": "(128L, 1L, 3L, 3L)", 
        "__storage_type__": "0", 
        "__wd_mult__": "1.0"
      }, 
      "inputs": []
    }, 
    {
      "op": "Convolution", 
      "name": "mobilenet0_conv13_fwd", 
      "attrs": {
        "dilate": "(1, 1)", 
        "kernel": "(3, 3)", 
        "layout": "NCHW", 
        "no_bias": "True", 
        "num_filter": "128", 
        "num_group": "128", 
        "pad": "(1, 1)", 
        "stride": "(1, 1)"
      }, 
      "inputs": [[104, 0, 0], [105, 0, 0]]
    }, 
    {
      "op": "null", 
      "name": "mobilenet0_batchnorm13_gamma", 
      "attrs": {
        "__dtype__": "0", 
        "__init__": "ones", 
        "__lr_mult__": "1.0", 
        "__shape__": "(128L,)", 
        "__storage_type__": "0", 
        "__wd_mult__": "1.0"
      }, 
      "inputs": []
    }, 
    {
      "op": "null", 
      "name": "mobilenet0_batchnorm13_beta", 
      "attrs": {
        "__dtype__": "0", 
        "__init__": "zeros", 
        "__lr_mult__": "1.0", 
        "__shape__": "(128L,)", 
        "__storage_type__": "0", 
        "__wd_mult__": "1.0"
      }, 
      "inputs": []
    }, 
    {
      "op": "null", 
      "name": "mobilenet0_batchnorm13_running_mean", 
      "attrs": {
        "__dtype__": "0", 
        "__init__": "zeros", 
        "__lr_mult__": "1.0", 
        "__shape__": "(128L,)", 
        "__storage_type__": "0", 
        "__wd_mult__": "1.0"
      }, 
      "inputs": []
    }, 
    {
      "op": "null", 
      "name": "mobilenet0_batchnorm13_running_var", 
      "attrs": {
        "__dtype__": "0", 
        "__init__": "ones", 
        "__lr_mult__": "1.0", 
        "__shape__": "(128L,)", 
        "__storage_type__": "0", 
        "__wd_mult__": "1.0"
      }, 
      "inputs": []
    }, 
    {
      "op": "BatchNorm", 
      "name": "mobilenet0_batchnorm13_fwd", 
      "attrs": {
        "axis": "1", 
        "eps": "1e-05", 
        "fix_gamma": "False", 
        "momentum": "0.9", 
        "use_global_stats": "False"
      }, 
      "inputs": [[106, 0, 0], [107, 0, 0], [108, 0, 0], [109, 0, 1], [110, 0, 1]]
    }, 
    {
      "op": "Activation", 
      "name": "mobilenet0_relu13_fwd", 
      "attrs": {"act_type": "relu"}, 
      "inputs": [[111, 0, 0]]
    }, 
    {
      "op": "null", 
      "name": "mobilenet0_conv14_weight", 
      "attrs": {
        "__dtype__": "0", 
        "__lr_mult__": "1.0", 
        "__shape__": "(128L, 128L, 1L, 1L)", 
        "__storage_type__": "0", 
        "__wd_mult__": "1.0"
      }, 
      "inputs": []
    }, 
    {
      "op": "Convolution", 
      "name": "mobilenet0_conv14_fwd", 
      "attrs": {
        "dilate": "(1, 1)", 
        "kernel": "(1, 1)", 
        "layout": "NCHW", 
        "no_bias": "True", 
        "num_filter": "128", 
        "num_group": "1", 
        "pad": "(0, 0)", 
        "stride": "(1, 1)"
      }, 
      "inputs": [[112, 0, 0], [113, 0, 0]]
    }, 
    {
      "op": "null", 
      "name": "mobilenet0_batchnorm14_gamma", 
      "attrs": {
        "__dtype__": "0", 
        "__init__": "ones", 
        "__lr_mult__": "1.0", 
        "__shape__": "(128L,)", 
        "__storage_type__": "0", 
        "__wd_mult__": "1.0"
      }, 
      "inputs": []
    }, 
    {
      "op": "null", 
      "name": "mobilenet0_batchnorm14_beta", 
      "attrs": {
        "__dtype__": "0", 
        "__init__": "zeros", 
        "__lr_mult__": "1.0", 
        "__shape__": "(128L,)", 
        "__storage_type__": "0", 
        "__wd_mult__": "1.0"
      }, 
      "inputs": []
    }, 
    {
      "op": "null", 
      "name": "mobilenet0_batchnorm14_running_mean", 
      "attrs": {
        "__dtype__": "0", 
        "__init__": "zeros", 
        "__lr_mult__": "1.0", 
        "__shape__": "(128L,)", 
        "__storage_type__": "0", 
        "__wd_mult__": "1.0"
      }, 
      "inputs": []
    }, 
    {
      "op": "null", 
      "name": "mobilenet0_batchnorm14_running_var", 
      "attrs": {
        "__dtype__": "0", 
        "__init__": "ones", 
        "__lr_mult__": "1.0", 
        "__shape__": "(128L,)", 
        "__storage_type__": "0", 
        "__wd_mult__": "1.0"
      }, 
      "inputs": []
    }, 
    {
      "op": "BatchNorm", 
      "name": "mobilenet0_batchnorm14_fwd", 
      "attrs": {
        "axis": "1", 
        "eps": "1e-05", 
        "fix_gamma": "False", 
        "momentum": "0.9", 
        "use_global_stats": "False"
      }, 
      "inputs": [[114, 0, 0], [115, 0, 0], [116, 0, 0], [117, 0, 1], [118, 0, 1]]
    }, 
    {
      "op": "Activation", 
      "name": "mobilenet0_relu14_fwd", 
      "attrs": {"act_type": "relu"}, 
      "inputs": [[119, 0, 0]]
    }, 
    {
      "op": "null", 
      "name": "mobilenet0_conv15_weight", 
      "attrs": {
        "__dtype__": "0", 
        "__lr_mult__": "1.0", 
        "__shape__": "(128L, 1L, 3L, 3L)", 
        "__storage_type__": "0", 
        "__wd_mult__": "1.0"
      }, 
      "inputs": []
    }, 
    {
      "op": "Convolution", 
      "name": "mobilenet0_conv15_fwd", 
      "attrs": {
        "dilate": "(1, 1)", 
        "kernel": "(3, 3)", 
        "layout": "NCHW", 
        "no_bias": "True", 
        "num_filter": "128", 
        "num_group": "128", 
        "pad": "(1, 1)", 
        "stride": "(1, 1)"
      }, 
      "inputs": [[120, 0, 0], [121, 0, 0]]
    }, 
    {
      "op": "null", 
      "name": "mobilenet0_batchnorm15_gamma", 
      "attrs": {
        "__dtype__": "0", 
        "__init__": "ones", 
        "__lr_mult__": "1.0", 
        "__shape__": "(128L,)", 
        "__storage_type__": "0", 
        "__wd_mult__": "1.0"
      }, 
      "inputs": []
    }, 
    {
      "op": "null", 
      "name": "mobilenet0_batchnorm15_beta", 
      "attrs": {
        "__dtype__": "0", 
        "__init__": "zeros", 
        "__lr_mult__": "1.0", 
        "__shape__": "(128L,)", 
        "__storage_type__": "0", 
        "__wd_mult__": "1.0"
      }, 
      "inputs": []
    }, 
    {
      "op": "null", 
      "name": "mobilenet0_batchnorm15_running_mean", 
      "attrs": {
        "__dtype__": "0", 
        "__init__": "zeros", 
        "__lr_mult__": "1.0", 
        "__shape__": "(128L,)", 
        "__storage_type__": "0", 
        "__wd_mult__": "1.0"
      }, 
      "inputs": []
    }, 
    {
      "op": "null", 
      "name": "mobilenet0_batchnorm15_running_var", 
      "attrs": {
        "__dtype__": "0", 
        "__init__": "ones", 
        "__lr_mult__": "1.0", 
        "__shape__": "(128L,)", 
        "__storage_type__": "0", 
        "__wd_mult__": "1.0"
      }, 
      "inputs": []
    }, 
    {
      "op": "BatchNorm", 
      "name": "mobilenet0_batchnorm15_fwd", 
      "attrs": {
        "axis": "1", 
        "eps": "1e-05", 
        "fix_gamma": "False", 
        "momentum": "0.9", 
        "use_global_stats": "False"
      }, 
      "inputs": [[122, 0, 0], [123, 0, 0], [124, 0, 0], [125, 0, 1], [126, 0, 1]]
    }, 
    {
      "op": "Activation", 
      "name": "mobilenet0_relu15_fwd", 
      "attrs": {"act_type": "relu"}, 
      "inputs": [[127, 0, 0]]
    }, 
    {
      "op": "null", 
      "name": "mobilenet0_conv16_weight", 
      "attrs": {
        "__dtype__": "0", 
        "__lr_mult__": "1.0", 
        "__shape__": "(128L, 128L, 1L, 1L)", 
        "__storage_type__": "0", 
        "__wd_mult__": "1.0"
      }, 
      "inputs": []
    }, 
    {
      "op": "Convolution", 
      "name": "mobilenet0_conv16_fwd", 
      "attrs": {
        "dilate": "(1, 1)", 
        "kernel": "(1, 1)", 
        "layout": "NCHW", 
        "no_bias": "True", 
        "num_filter": "128", 
        "num_group": "1", 
        "pad": "(0, 0)", 
        "stride": "(1, 1)"
      }, 
      "inputs": [[128, 0, 0], [129, 0, 0]]
    }, 
    {
      "op": "null", 
      "name": "mobilenet0_batchnorm16_gamma", 
      "attrs": {
        "__dtype__": "0", 
        "__init__": "ones", 
        "__lr_mult__": "1.0", 
        "__shape__": "(128L,)", 
        "__storage_type__": "0", 
        "__wd_mult__": "1.0"
      }, 
      "inputs": []
    }, 
    {
      "op": "null", 
      "name": "mobilenet0_batchnorm16_beta", 
      "attrs": {
        "__dtype__": "0", 
        "__init__": "zeros", 
        "__lr_mult__": "1.0", 
        "__shape__": "(128L,)", 
        "__storage_type__": "0", 
        "__wd_mult__": "1.0"
      }, 
      "inputs": []
    }, 
    {
      "op": "null", 
      "name": "mobilenet0_batchnorm16_running_mean", 
      "attrs": {
        "__dtype__": "0", 
        "__init__": "zeros", 
        "__lr_mult__": "1.0", 
        "__shape__": "(128L,)", 
        "__storage_type__": "0", 
        "__wd_mult__": "1.0"
      }, 
      "inputs": []
    }, 
    {
      "op": "null", 
      "name": "mobilenet0_batchnorm16_running_var", 
      "attrs": {
        "__dtype__": "0", 
        "__init__": "ones", 
        "__lr_mult__": "1.0", 
        "__shape__": "(128L,)", 
        "__storage_type__": "0", 
        "__wd_mult__": "1.0"
      }, 
      "inputs": []
    }, 
    {
      "op": "BatchNorm", 
      "name": "mobilenet0_batchnorm16_fwd", 
      "attrs": {
        "axis": "1", 
        "eps": "1e-05", 
        "fix_gamma": "False", 
        "momentum": "0.9", 
        "use_global_stats": "False"
      }, 
      "inputs": [[130, 0, 0], [131, 0, 0], [132, 0, 0], [133, 0, 1], [134, 0, 1]]
    }, 
    {
      "op": "Activation", 
      "name": "mobilenet0_relu16_fwd", 
      "attrs": {"act_type": "relu"}, 
      "inputs": [[135, 0, 0]]
    }, 
    {
      "op": "null", 
      "name": "mobilenet0_conv17_weight", 
      "attrs": {
        "__dtype__": "0", 
        "__lr_mult__": "1.0", 
        "__shape__": "(128L, 1L, 3L, 3L)", 
        "__storage_type__": "0", 
        "__wd_mult__": "1.0"
      }, 
      "inputs": []
    }, 
    {
      "op": "Convolution", 
      "name": "mobilenet0_conv17_fwd", 
      "attrs": {
        "dilate": "(1, 1)", 
        "kernel": "(3, 3)", 
        "layout": "NCHW", 
        "no_bias": "True", 
        "num_filter": "128", 
        "num_group": "128", 
        "pad": "(1, 1)", 
        "stride": "(1, 1)"
      }, 
      "inputs": [[136, 0, 0], [137, 0, 0]]
    }, 
    {
      "op": "null", 
      "name": "mobilenet0_batchnorm17_gamma", 
      "attrs": {
        "__dtype__": "0", 
        "__init__": "ones", 
        "__lr_mult__": "1.0", 
        "__shape__": "(128L,)", 
        "__storage_type__": "0", 
        "__wd_mult__": "1.0"
      }, 
      "inputs": []
    }, 
    {
      "op": "null", 
      "name": "mobilenet0_batchnorm17_beta", 
      "attrs": {
        "__dtype__": "0", 
        "__init__": "zeros", 
        "__lr_mult__": "1.0", 
        "__shape__": "(128L,)", 
        "__storage_type__": "0", 
        "__wd_mult__": "1.0"
      }, 
      "inputs": []
    }, 
    {
      "op": "null", 
      "name": "mobilenet0_batchnorm17_running_mean", 
      "attrs": {
        "__dtype__": "0", 
        "__init__": "zeros", 
        "__lr_mult__": "1.0", 
        "__shape__": "(128L,)", 
        "__storage_type__": "0", 
        "__wd_mult__": "1.0"
      }, 
      "inputs": []
    }, 
    {
      "op": "null", 
      "name": "mobilenet0_batchnorm17_running_var", 
      "attrs": {
        "__dtype__": "0", 
        "__init__": "ones", 
        "__lr_mult__": "1.0", 
        "__shape__": "(128L,)", 
        "__storage_type__": "0", 
        "__wd_mult__": "1.0"
      }, 
      "inputs": []
    }, 
    {
      "op": "BatchNorm", 
      "name": "mobilenet0_batchnorm17_fwd", 
      "attrs": {
        "axis": "1", 
        "eps": "1e-05", 
        "fix_gamma": "False", 
        "momentum": "0.9", 
        "use_global_stats": "False"
      }, 
      "inputs": [[138, 0, 0], [139, 0, 0], [140, 0, 0], [141, 0, 1], [142, 0, 1]]
    }, 
    {
      "op": "Activation", 
      "name": "mobilenet0_relu17_fwd", 
      "attrs": {"act_type": "relu"}, 
      "inputs": [[143, 0, 0]]
    }, 
    {
      "op": "null", 
      "name": "mobilenet0_conv18_weight", 
      "attrs": {
        "__dtype__": "0", 
        "__lr_mult__": "1.0", 
        "__shape__": "(128L, 128L, 1L, 1L)", 
        "__storage_type__": "0", 
        "__wd_mult__": "1.0"
      }, 
      "inputs": []
    }, 
    {
      "op": "Convolution", 
      "name": "mobilenet0_conv18_fwd", 
      "attrs": {
        "dilate": "(1, 1)", 
        "kernel": "(1, 1)", 
        "layout": "NCHW", 
        "no_bias": "True", 
        "num_filter": "128", 
        "num_group": "1", 
        "pad": "(0, 0)", 
        "stride": "(1, 1)"
      }, 
      "inputs": [[144, 0, 0], [145, 0, 0]]
    }, 
    {
      "op": "null", 
      "name": "mobilenet0_batchnorm18_gamma", 
      "attrs": {
        "__dtype__": "0", 
        "__init__": "ones", 
        "__lr_mult__": "1.0", 
        "__shape__": "(128L,)", 
        "__storage_type__": "0", 
        "__wd_mult__": "1.0"
      }, 
      "inputs": []
    }, 
    {
      "op": "null", 
      "name": "mobilenet0_batchnorm18_beta", 
      "attrs": {
        "__dtype__": "0", 
        "__init__": "zeros", 
        "__lr_mult__": "1.0", 
        "__shape__": "(128L,)", 
        "__storage_type__": "0", 
        "__wd_mult__": "1.0"
      }, 
      "inputs": []
    }, 
    {
      "op": "null", 
      "name": "mobilenet0_batchnorm18_running_mean", 
      "attrs": {
        "__dtype__": "0", 
        "__init__": "zeros", 
        "__lr_mult__": "1.0", 
        "__shape__": "(128L,)", 
        "__storage_type__": "0", 
        "__wd_mult__": "1.0"
      }, 
      "inputs": []
    }, 
    {
      "op": "null", 
      "name": "mobilenet0_batchnorm18_running_var", 
      "attrs": {
        "__dtype__": "0", 
        "__init__": "ones", 
        "__lr_mult__": "1.0", 
        "__shape__": "(128L,)", 
        "__storage_type__": "0", 
        "__wd_mult__": "1.0"
      }, 
      "inputs": []
    }, 
    {
      "op": "BatchNorm", 
      "name": "mobilenet0_batchnorm18_fwd", 
      "attrs": {
        "axis": "1", 
        "eps": "1e-05", 
        "fix_gamma": "False", 
        "momentum": "0.9", 
        "use_global_stats": "False"
      }, 
      "inputs": [[146, 0, 0], [147, 0, 0], [148, 0, 0], [149, 0, 1], [150, 0, 1]]
    }, 
    {
      "op": "Activation", 
      "name": "mobilenet0_relu18_fwd", 
      "attrs": {"act_type": "relu"}, 
      "inputs": [[151, 0, 0]]
    }, 
    {
      "op": "null", 
      "name": "mobilenet0_conv19_weight", 
      "attrs": {
        "__dtype__": "0", 
        "__lr_mult__": "1.0", 
        "__shape__": "(128L, 1L, 3L, 3L)", 
        "__storage_type__": "0", 
        "__wd_mult__": "1.0"
      }, 
      "inputs": []
    }, 
    {
      "op": "Convolution", 
      "name": "mobilenet0_conv19_fwd", 
      "attrs": {
        "dilate": "(1, 1)", 
        "kernel": "(3, 3)", 
        "layout": "NCHW", 
        "no_bias": "True", 
        "num_filter": "128", 
        "num_group": "128", 
        "pad": "(1, 1)", 
        "stride": "(1, 1)"
      }, 
      "inputs": [[152, 0, 0], [153, 0, 0]]
    }, 
    {
      "op": "null", 
      "name": "mobilenet0_batchnorm19_gamma", 
      "attrs": {
        "__dtype__": "0", 
        "__init__": "ones", 
        "__lr_mult__": "1.0", 
        "__shape__": "(128L,)", 
        "__storage_type__": "0", 
        "__wd_mult__": "1.0"
      }, 
      "inputs": []
    }, 
    {
      "op": "null", 
      "name": "mobilenet0_batchnorm19_beta", 
      "attrs": {
        "__dtype__": "0", 
        "__init__": "zeros", 
        "__lr_mult__": "1.0", 
        "__shape__": "(128L,)", 
        "__storage_type__": "0", 
        "__wd_mult__": "1.0"
      }, 
      "inputs": []
    }, 
    {
      "op": "null", 
      "name": "mobilenet0_batchnorm19_running_mean", 
      "attrs": {
        "__dtype__": "0", 
        "__init__": "zeros", 
        "__lr_mult__": "1.0", 
        "__shape__": "(128L,)", 
        "__storage_type__": "0", 
        "__wd_mult__": "1.0"
      }, 
      "inputs": []
    }, 
    {
      "op": "null", 
      "name": "mobilenet0_batchnorm19_running_var", 
      "attrs": {
        "__dtype__": "0", 
        "__init__": "ones", 
        "__lr_mult__": "1.0", 
        "__shape__": "(128L,)", 
        "__storage_type__": "0", 
        "__wd_mult__": "1.0"
      }, 
      "inputs": []
    }, 
    {
      "op": "BatchNorm", 
      "name": "mobilenet0_batchnorm19_fwd", 
      "attrs": {
        "axis": "1", 
        "eps": "1e-05", 
        "fix_gamma": "False", 
        "momentum": "0.9", 
        "use_global_stats": "False"
      }, 
      "inputs": [[154, 0, 0], [155, 0, 0], [156, 0, 0], [157, 0, 1], [158, 0, 1]]
    }, 
    {
      "op": "Activation", 
      "name": "mobilenet0_relu19_fwd", 
      "attrs": {"act_type": "relu"}, 
      "inputs": [[159, 0, 0]]
    }, 
    {
      "op": "null", 
      "name": "mobilenet0_conv20_weight", 
      "attrs": {
        "__dtype__": "0", 
        "__lr_mult__": "1.0", 
        "__shape__": "(128L, 128L, 1L, 1L)", 
        "__storage_type__": "0", 
        "__wd_mult__": "1.0"
      }, 
      "inputs": []
    }, 
    {
      "op": "Convolution", 
      "name": "mobilenet0_conv20_fwd", 
      "attrs": {
        "dilate": "(1, 1)", 
        "kernel": "(1, 1)", 
        "layout": "NCHW", 
        "no_bias": "True", 
        "num_filter": "128", 
        "num_group": "1", 
        "pad": "(0, 0)", 
        "stride": "(1, 1)"
      }, 
      "inputs": [[160, 0, 0], [161, 0, 0]]
    }, 
    {
      "op": "null", 
      "name": "mobilenet0_batchnorm20_gamma", 
      "attrs": {
        "__dtype__": "0", 
        "__init__": "ones", 
        "__lr_mult__": "1.0", 
        "__shape__": "(128L,)", 
        "__storage_type__": "0", 
        "__wd_mult__": "1.0"
      }, 
      "inputs": []
    }, 
    {
      "op": "null", 
      "name": "mobilenet0_batchnorm20_beta", 
      "attrs": {
        "__dtype__": "0", 
        "__init__": "zeros", 
        "__lr_mult__": "1.0", 
        "__shape__": "(128L,)", 
        "__storage_type__": "0", 
        "__wd_mult__": "1.0"
      }, 
      "inputs": []
    }, 
    {
      "op": "null", 
      "name": "mobilenet0_batchnorm20_running_mean", 
      "attrs": {
        "__dtype__": "0", 
        "__init__": "zeros", 
        "__lr_mult__": "1.0", 
        "__shape__": "(128L,)", 
        "__storage_type__": "0", 
        "__wd_mult__": "1.0"
      }, 
      "inputs": []
    }, 
    {
      "op": "null", 
      "name": "mobilenet0_batchnorm20_running_var", 
      "attrs": {
        "__dtype__": "0", 
        "__init__": "ones", 
        "__lr_mult__": "1.0", 
        "__shape__": "(128L,)", 
        "__storage_type__": "0", 
        "__wd_mult__": "1.0"
      }, 
      "inputs": []
    }, 
    {
      "op": "BatchNorm", 
      "name": "mobilenet0_batchnorm20_fwd", 
      "attrs": {
        "axis": "1", 
        "eps": "1e-05", 
        "fix_gamma": "False", 
        "momentum": "0.9", 
        "use_global_stats": "False"
      }, 
      "inputs": [[162, 0, 0], [163, 0, 0], [164, 0, 0], [165, 0, 1], [166, 0, 1]]
    }, 
    {
      "op": "Activation", 
      "name": "mobilenet0_relu20_fwd", 
      "attrs": {"act_type": "relu"}, 
      "inputs": [[167, 0, 0]]
    }, 
    {
      "op": "null", 
      "name": "mobilenet0_conv21_weight", 
      "attrs": {
        "__dtype__": "0", 
        "__lr_mult__": "1.0", 
        "__shape__": "(128L, 1L, 3L, 3L)", 
        "__storage_type__": "0", 
        "__wd_mult__": "1.0"
      }, 
      "inputs": []
    }, 
    {
      "op": "Convolution", 
      "name": "mobilenet0_conv21_fwd", 
      "attrs": {
        "dilate": "(1, 1)", 
        "kernel": "(3, 3)", 
        "layout": "NCHW", 
        "no_bias": "True", 
        "num_filter": "128", 
        "num_group": "128", 
        "pad": "(1, 1)", 
        "stride": "(1, 1)"
      }, 
      "inputs": [[168, 0, 0], [169, 0, 0]]
    }, 
    {
      "op": "null", 
      "name": "mobilenet0_batchnorm21_gamma", 
      "attrs": {
        "__dtype__": "0", 
        "__init__": "ones", 
        "__lr_mult__": "1.0", 
        "__shape__": "(128L,)", 
        "__storage_type__": "0", 
        "__wd_mult__": "1.0"
      }, 
      "inputs": []
    }, 
    {
      "op": "null", 
      "name": "mobilenet0_batchnorm21_beta", 
      "attrs": {
        "__dtype__": "0", 
        "__init__": "zeros", 
        "__lr_mult__": "1.0", 
        "__shape__": "(128L,)", 
        "__storage_type__": "0", 
        "__wd_mult__": "1.0"
      }, 
      "inputs": []
    }, 
    {
      "op": "null", 
      "name": "mobilenet0_batchnorm21_running_mean", 
      "attrs": {
        "__dtype__": "0", 
        "__init__": "zeros", 
        "__lr_mult__": "1.0", 
        "__shape__": "(128L,)", 
        "__storage_type__": "0", 
        "__wd_mult__": "1.0"
      }, 
      "inputs": []
    }, 
    {
      "op": "null", 
      "name": "mobilenet0_batchnorm21_running_var", 
      "attrs": {
        "__dtype__": "0", 
        "__init__": "ones", 
        "__lr_mult__": "1.0", 
        "__shape__": "(128L,)", 
        "__storage_type__": "0", 
        "__wd_mult__": "1.0"
      }, 
      "inputs": []
    }, 
    {
      "op": "BatchNorm", 
      "name": "mobilenet0_batchnorm21_fwd", 
      "attrs": {
        "axis": "1", 
        "eps": "1e-05", 
        "fix_gamma": "False", 
        "momentum": "0.9", 
        "use_global_stats": "False"
      }, 
      "inputs": [[170, 0, 0], [171, 0, 0], [172, 0, 0], [173, 0, 1], [174, 0, 1]]
    }, 
    {
      "op": "Activation", 
      "name": "mobilenet0_relu21_fwd", 
      "attrs": {"act_type": "relu"}, 
      "inputs": [[175, 0, 0]]
    }, 
    {
      "op": "null", 
      "name": "mobilenet0_conv22_weight", 
      "attrs": {
        "__dtype__": "0", 
        "__lr_mult__": "1.0", 
        "__shape__": "(128L, 128L, 1L, 1L)", 
        "__storage_type__": "0", 
        "__wd_mult__": "1.0"
      }, 
      "inputs": []
    }, 
    {
      "op": "Convolution", 
      "name": "mobilenet0_conv22_fwd", 
      "attrs": {
        "dilate": "(1, 1)", 
        "kernel": "(1, 1)", 
        "layout": "NCHW", 
        "no_bias": "True", 
        "num_filter": "128", 
        "num_group": "1", 
        "pad": "(0, 0)", 
        "stride": "(1, 1)"
      }, 
      "inputs": [[176, 0, 0], [177, 0, 0]]
    }, 
    {
      "op": "null", 
      "name": "mobilenet0_batchnorm22_gamma", 
      "attrs": {
        "__dtype__": "0", 
        "__init__": "ones", 
        "__lr_mult__": "1.0", 
        "__shape__": "(128L,)", 
        "__storage_type__": "0", 
        "__wd_mult__": "1.0"
      }, 
      "inputs": []
    }, 
    {
      "op": "null", 
      "name": "mobilenet0_batchnorm22_beta", 
      "attrs": {
        "__dtype__": "0", 
        "__init__": "zeros", 
        "__lr_mult__": "1.0", 
        "__shape__": "(128L,)", 
        "__storage_type__": "0", 
        "__wd_mult__": "1.0"
      }, 
      "inputs": []
    }, 
    {
      "op": "null", 
      "name": "mobilenet0_batchnorm22_running_mean", 
      "attrs": {
        "__dtype__": "0", 
        "__init__": "zeros", 
        "__lr_mult__": "1.0", 
        "__shape__": "(128L,)", 
        "__storage_type__": "0", 
        "__wd_mult__": "1.0"
      }, 
      "inputs": []
    }, 
    {
      "op": "null", 
      "name": "mobilenet0_batchnorm22_running_var", 
      "attrs": {
        "__dtype__": "0", 
        "__init__": "ones", 
        "__lr_mult__": "1.0", 
        "__shape__": "(128L,)", 
        "__storage_type__": "0", 
        "__wd_mult__": "1.0"
      }, 
      "inputs": []
    }, 
    {
      "op": "BatchNorm", 
      "name": "mobilenet0_batchnorm22_fwd", 
      "attrs": {
        "axis": "1", 
        "eps": "1e-05", 
        "fix_gamma": "False", 
        "momentum": "0.9", 
        "use_global_stats": "False"
      }, 
      "inputs": [[178, 0, 0], [179, 0, 0], [180, 0, 0], [181, 0, 1], [182, 0, 1]]
    }, 
    {
      "op": "Activation", 
      "name": "mobilenet0_relu22_fwd", 
      "attrs": {"act_type": "relu"}, 
      "inputs": [[183, 0, 0]]
    }, 
    {
      "op": "null", 
      "name": "mobilenet0_conv23_weight", 
      "attrs": {
        "__dtype__": "0", 
        "__lr_mult__": "1.0", 
        "__shape__": "(128L, 1L, 3L, 3L)", 
        "__storage_type__": "0", 
        "__wd_mult__": "1.0"
      }, 
      "inputs": []
    }, 
    {
      "op": "Convolution", 
      "name": "mobilenet0_conv23_fwd", 
      "attrs": {
        "dilate": "(1, 1)", 
        "kernel": "(3, 3)", 
        "layout": "NCHW", 
        "no_bias": "True", 
        "num_filter": "128", 
        "num_group": "128", 
        "pad": "(1, 1)", 
        "stride": "(2, 2)"
      }, 
      "inputs": [[184, 0, 0], [185, 0, 0]]
    }, 
    {
      "op": "null", 
      "name": "mobilenet0_batchnorm23_gamma", 
      "attrs": {
        "__dtype__": "0", 
        "__init__": "ones", 
        "__lr_mult__": "1.0", 
        "__shape__": "(128L,)", 
        "__storage_type__": "0", 
        "__wd_mult__": "1.0"
      }, 
      "inputs": []
    }, 
    {
      "op": "null", 
      "name": "mobilenet0_batchnorm23_beta", 
      "attrs": {
        "__dtype__": "0", 
        "__init__": "zeros", 
        "__lr_mult__": "1.0", 
        "__shape__": "(128L,)", 
        "__storage_type__": "0", 
        "__wd_mult__": "1.0"
      }, 
      "inputs": []
    }, 
    {
      "op": "null", 
      "name": "mobilenet0_batchnorm23_running_mean", 
      "attrs": {
        "__dtype__": "0", 
        "__init__": "zeros", 
        "__lr_mult__": "1.0", 
        "__shape__": "(128L,)", 
        "__storage_type__": "0", 
        "__wd_mult__": "1.0"
      }, 
      "inputs": []
    }, 
    {
      "op": "null", 
      "name": "mobilenet0_batchnorm23_running_var", 
      "attrs": {
        "__dtype__": "0", 
        "__init__": "ones", 
        "__lr_mult__": "1.0", 
        "__shape__": "(128L,)", 
        "__storage_type__": "0", 
        "__wd_mult__": "1.0"
      }, 
      "inputs": []
    }, 
    {
      "op": "BatchNorm", 
      "name": "mobilenet0_batchnorm23_fwd", 
      "attrs": {
        "axis": "1", 
        "eps": "1e-05", 
        "fix_gamma": "False", 
        "momentum": "0.9", 
        "use_global_stats": "False"
      }, 
      "inputs": [[186, 0, 0], [187, 0, 0], [188, 0, 0], [189, 0, 1], [190, 0, 1]]
    }, 
    {
      "op": "Activation", 
      "name": "mobilenet0_relu23_fwd", 
      "attrs": {"act_type": "relu"}, 
      "inputs": [[191, 0, 0]]
    }, 
    {
      "op": "null", 
      "name": "mobilenet0_conv24_weight", 
      "attrs": {
        "__dtype__": "0", 
        "__lr_mult__": "1.0", 
        "__shape__": "(256L, 128L, 1L, 1L)", 
        "__storage_type__": "0", 
        "__wd_mult__": "1.0"
      }, 
      "inputs": []
    }, 
    {
      "op": "Convolution", 
      "name": "mobilenet0_conv24_fwd", 
      "attrs": {
        "dilate": "(1, 1)", 
        "kernel": "(1, 1)", 
        "layout": "NCHW", 
        "no_bias": "True", 
        "num_filter": "256", 
        "num_group": "1", 
        "pad": "(0, 0)", 
        "stride": "(1, 1)"
      }, 
      "inputs": [[192, 0, 0], [193, 0, 0]]
    }, 
    {
      "op": "null", 
      "name": "mobilenet0_batchnorm24_gamma", 
      "attrs": {
        "__dtype__": "0", 
        "__init__": "ones", 
        "__lr_mult__": "1.0", 
        "__shape__": "(256L,)", 
        "__storage_type__": "0", 
        "__wd_mult__": "1.0"
      }, 
      "inputs": []
    }, 
    {
      "op": "null", 
      "name": "mobilenet0_batchnorm24_beta", 
      "attrs": {
        "__dtype__": "0", 
        "__init__": "zeros", 
        "__lr_mult__": "1.0", 
        "__shape__": "(256L,)", 
        "__storage_type__": "0", 
        "__wd_mult__": "1.0"
      }, 
      "inputs": []
    }, 
    {
      "op": "null", 
      "name": "mobilenet0_batchnorm24_running_mean", 
      "attrs": {
        "__dtype__": "0", 
        "__init__": "zeros", 
        "__lr_mult__": "1.0", 
        "__shape__": "(256L,)", 
        "__storage_type__": "0", 
        "__wd_mult__": "1.0"
      }, 
      "inputs": []
    }, 
    {
      "op": "null", 
      "name": "mobilenet0_batchnorm24_running_var", 
      "attrs": {
        "__dtype__": "0", 
        "__init__": "ones", 
        "__lr_mult__": "1.0", 
        "__shape__": "(256L,)", 
        "__storage_type__": "0", 
        "__wd_mult__": "1.0"
      }, 
      "inputs": []
    }, 
    {
      "op": "BatchNorm", 
      "name": "mobilenet0_batchnorm24_fwd", 
      "attrs": {
        "axis": "1", 
        "eps": "1e-05", 
        "fix_gamma": "False", 
        "momentum": "0.9", 
        "use_global_stats": "False"
      }, 
      "inputs": [[194, 0, 0], [195, 0, 0], [196, 0, 0], [197, 0, 1], [198, 0, 1]]
    }, 
    {
      "op": "Activation", 
      "name": "mobilenet0_relu24_fwd", 
      "attrs": {"act_type": "relu"}, 
      "inputs": [[199, 0, 0]]
    }, 
    {
      "op": "null", 
      "name": "mobilenet0_conv25_weight", 
      "attrs": {
        "__dtype__": "0", 
        "__lr_mult__": "1.0", 
        "__shape__": "(256L, 1L, 3L, 3L)", 
        "__storage_type__": "0", 
        "__wd_mult__": "1.0"
      }, 
      "inputs": []
    }, 
    {
      "op": "Convolution", 
      "name": "mobilenet0_conv25_fwd", 
      "attrs": {
        "dilate": "(1, 1)", 
        "kernel": "(3, 3)", 
        "layout": "NCHW", 
        "no_bias": "True", 
        "num_filter": "256", 
        "num_group": "256", 
        "pad": "(1, 1)", 
        "stride": "(1, 1)"
      }, 
      "inputs": [[200, 0, 0], [201, 0, 0]]
    }, 
    {
      "op": "null", 
      "name": "mobilenet0_batchnorm25_gamma", 
      "attrs": {
        "__dtype__": "0", 
        "__init__": "ones", 
        "__lr_mult__": "1.0", 
        "__shape__": "(256L,)", 
        "__storage_type__": "0", 
        "__wd_mult__": "1.0"
      }, 
      "inputs": []
    }, 
    {
      "op": "null", 
      "name": "mobilenet0_batchnorm25_beta", 
      "attrs": {
        "__dtype__": "0", 
        "__init__": "zeros", 
        "__lr_mult__": "1.0", 
        "__shape__": "(256L,)", 
        "__storage_type__": "0", 
        "__wd_mult__": "1.0"
      }, 
      "inputs": []
    }, 
    {
      "op": "null", 
      "name": "mobilenet0_batchnorm25_running_mean", 
      "attrs": {
        "__dtype__": "0", 
        "__init__": "zeros", 
        "__lr_mult__": "1.0", 
        "__shape__": "(256L,)", 
        "__storage_type__": "0", 
        "__wd_mult__": "1.0"
      }, 
      "inputs": []
    }, 
    {
      "op": "null", 
      "name": "mobilenet0_batchnorm25_running_var", 
      "attrs": {
        "__dtype__": "0", 
        "__init__": "ones", 
        "__lr_mult__": "1.0", 
        "__shape__": "(256L,)", 
        "__storage_type__": "0", 
        "__wd_mult__": "1.0"
      }, 
      "inputs": []
    }, 
    {
      "op": "BatchNorm", 
      "name": "mobilenet0_batchnorm25_fwd", 
      "attrs": {
        "axis": "1", 
        "eps": "1e-05", 
        "fix_gamma": "False", 
        "momentum": "0.9", 
        "use_global_stats": "False"
      }, 
      "inputs": [[202, 0, 0], [203, 0, 0], [204, 0, 0], [205, 0, 1], [206, 0, 1]]
    }, 
    {
      "op": "Activation", 
      "name": "mobilenet0_relu25_fwd", 
      "attrs": {"act_type": "relu"}, 
      "inputs": [[207, 0, 0]]
    }, 
    {
      "op": "null", 
      "name": "mobilenet0_conv26_weight", 
      "attrs": {
        "__dtype__": "0", 
        "__lr_mult__": "1.0", 
        "__shape__": "(256L, 256L, 1L, 1L)", 
        "__storage_type__": "0", 
        "__wd_mult__": "1.0"
      }, 
      "inputs": []
    }, 
    {
      "op": "Convolution", 
      "name": "mobilenet0_conv26_fwd", 
      "attrs": {
        "dilate": "(1, 1)", 
        "kernel": "(1, 1)", 
        "layout": "NCHW", 
        "no_bias": "True", 
        "num_filter": "256", 
        "num_group": "1", 
        "pad": "(0, 0)", 
        "stride": "(1, 1)"
      }, 
      "inputs": [[208, 0, 0], [209, 0, 0]]
    }, 
    {
      "op": "null", 
      "name": "mobilenet0_batchnorm26_gamma", 
      "attrs": {
        "__dtype__": "0", 
        "__init__": "ones", 
        "__lr_mult__": "1.0", 
        "__shape__": "(256L,)", 
        "__storage_type__": "0", 
        "__wd_mult__": "1.0"
      }, 
      "inputs": []
    }, 
    {
      "op": "null", 
      "name": "mobilenet0_batchnorm26_beta", 
      "attrs": {
        "__dtype__": "0", 
        "__init__": "zeros", 
        "__lr_mult__": "1.0", 
        "__shape__": "(256L,)", 
        "__storage_type__": "0", 
        "__wd_mult__": "1.0"
      }, 
      "inputs": []
    }, 
    {
      "op": "null", 
      "name": "mobilenet0_batchnorm26_running_mean", 
      "attrs": {
        "__dtype__": "0", 
        "__init__": "zeros", 
        "__lr_mult__": "1.0", 
        "__shape__": "(256L,)", 
        "__storage_type__": "0", 
        "__wd_mult__": "1.0"
      }, 
      "inputs": []
    }, 
    {
      "op": "null", 
      "name": "mobilenet0_batchnorm26_running_var", 
      "attrs": {
        "__dtype__": "0", 
        "__init__": "ones", 
        "__lr_mult__": "1.0", 
        "__shape__": "(256L,)", 
        "__storage_type__": "0", 
        "__wd_mult__": "1.0"
      }, 
      "inputs": []
    }, 
    {
      "op": "BatchNorm", 
      "name": "mobilenet0_batchnorm26_fwd", 
      "attrs": {
        "axis": "1", 
        "eps": "1e-05", 
        "fix_gamma": "False", 
        "momentum": "0.9", 
        "use_global_stats": "False"
      }, 
      "inputs": [[210, 0, 0], [211, 0, 0], [212, 0, 0], [213, 0, 1], [214, 0, 1]]
    }, 
    {
      "op": "Activation", 
      "name": "mobilenet0_relu26_fwd", 
      "attrs": {"act_type": "relu"}, 
      "inputs": [[215, 0, 0]]
    }, 
    {
      "op": "Pooling", 
      "name": "mobilenet0_pool0_fwd", 
      "attrs": {
        "global_pool": "True", 
        "kernel": "(1, 1)", 
        "pad": "(0, 0)", 
        "pool_type": "avg", 
        "pooling_convention": "full", 
        "stride": "(1, 1)"
      }, 
      "inputs": [[216, 0, 0]]
    }, 
    {
      "op": "Reshape", 
      "name": "mobilenet0_flatten0_reshape0", 
      "attrs": {"shape": "(0, -1)"}, 
      "inputs": [[217, 0, 0]]
    }, 
    {
      "op": "null", 
      "name": "mobilenet0_dense0_weight", 
      "attrs": {
        "__dtype__": "0", 
        "__lr_mult__": "1.0", 
        "__shape__": "(1000, 256L)", 
        "__storage_type__": "0", 
        "__wd_mult__": "1.0"
      }, 
      "inputs": []
    }, 
    {
      "op": "null", 
      "name": "mobilenet0_dense0_bias", 
      "attrs": {
        "__dtype__": "0", 
        "__init__": "zeros", 
        "__lr_mult__": "1.0", 
        "__shape__": "(1000,)", 
        "__storage_type__": "0", 
        "__wd_mult__": "1.0"
      }, 
      "inputs": []
    }, 
    {
      "op": "FullyConnected", 
      "name": "mobilenet0_dense0_fwd", 
      "attrs": {
        "flatten": "True", 
        "no_bias": "False", 
        "num_hidden": "1000"
      }, 
      "inputs": [[218, 0, 0], [219, 0, 0], [220, 0, 0]]
    }
  ], 
  "arg_nodes": [
    0, 
    1, 
    3, 
    4, 
    5, 
    6, 
    9, 
    11, 
    12, 
    13, 
    14, 
    17, 
    19, 
    20, 
    21, 
    22, 
    25, 
    27, 
    28, 
    29, 
    30, 
    33, 
    35, 
    36, 
    37, 
    38, 
    41, 
    43, 
    44, 
    45, 
    46, 
    49, 
    51, 
    52, 
    53, 
    54, 
    57, 
    59, 
    60, 
    61, 
    62, 
    65, 
    67, 
    68, 
    69, 
    70, 
    73, 
    75, 
    76, 
    77, 
    78, 
    81, 
    83, 
    84, 
    85, 
    86, 
    89, 
    91, 
    92, 
    93, 
    94, 
    97, 
    99, 
    100, 
    101, 
    102, 
    105, 
    107, 
    108, 
    109, 
    110, 
    113, 
    115, 
    116, 
    117, 
    118, 
    121, 
    123, 
    124, 
    125, 
    126, 
    129, 
    131, 
    132, 
    133, 
    134, 
    137, 
    139, 
    140, 
    141, 
    142, 
    145, 
    147, 
    148, 
    149, 
    150, 
    153, 
    155, 
    156, 
    157, 
    158, 
    161, 
    163, 
    164, 
    165, 
    166, 
    169, 
    171, 
    172, 
    173, 
    174, 
    177, 
    179, 
    180, 
    181, 
    182, 
    185, 
    187, 
    188, 
    189, 
    190, 
    193, 
    195, 
    196, 
    197, 
    198, 
    201, 
    203, 
    204, 
    205, 
    206, 
    209, 
    211, 
    212, 
    213, 
    214, 
    219, 
    220
  ], 
  "node_row_ptr": [
    0, 
    1, 
    2, 
    3, 
    4, 
    5, 
    6, 
    7, 
    10, 
    11, 
    12, 
    13, 
    14, 
    15, 
    16, 
    17, 
    20, 
    21, 
    22, 
    23, 
    24, 
    25, 
    26, 
    27, 
    30, 
    31, 
    32, 
    33, 
    34, 
    35, 
    36, 
    37, 
    40, 
    41, 
    42, 
    43, 
    44, 
    45, 
    46, 
    47, 
    50, 
    51, 
    52, 
    53, 
    54, 
    55, 
    56, 
    57, 
    60, 
    61, 
    62, 
    63, 
    64, 
    65, 
    66, 
    67, 
    70, 
    71, 
    72, 
    73, 
    74, 
    75, 
    76, 
    77, 
    80, 
    81, 
    82, 
    83, 
    84, 
    85, 
    86, 
    87, 
    90, 
    91, 
    92, 
    93, 
    94, 
    95, 
    96, 
    97, 
    100, 
    101, 
    102, 
    103, 
    104, 
    105, 
    106, 
    107, 
    110, 
    111, 
    112, 
    113, 
    114, 
    115, 
    116, 
    117, 
    120, 
    121, 
    122, 
    123, 
    124, 
    125, 
    126, 
    127, 
    130, 
    131, 
    132, 
    133, 
    134, 
    135, 
    136, 
    137, 
    140, 
    141, 
    142, 
    143, 
    144, 
    145, 
    146, 
    147, 
    150, 
    151, 
    152, 
    153, 
    154, 
    155, 
    156, 
    157, 
    160, 
    161, 
    162, 
    163, 
    164, 
    165, 
    166, 
    167, 
    170, 
    171, 
    172, 
    173, 
    174, 
    175, 
    176, 
    177, 
    180, 
    181, 
    182, 
    183, 
    184, 
    185, 
    186, 
    187, 
    190, 
    191, 
    192, 
    193, 
    194, 
    195, 
    196, 
    197, 
    200, 
    201, 
    202, 
    203, 
    204, 
    205, 
    206, 
    207, 
    210, 
    211, 
    212, 
    213, 
    214, 
    215, 
    216, 
    217, 
    220, 
    221, 
    222, 
    223, 
    224, 
    225, 
    226, 
    227, 
    230, 
    231, 
    232, 
    233, 
    234, 
    235, 
    236, 
    237, 
    240, 
    241, 
    242, 
    243, 
    244, 
    245, 
    246, 
    247, 
    250, 
    251, 
    252, 
    253, 
    254, 
    255, 
    256, 
    257, 
    260, 
    261, 
    262, 
    263, 
    264, 
    265, 
    266, 
    267, 
    270, 
    271, 
    272, 
    273, 
    274, 
    275, 
    276
  ], 
  "heads": [[221, 0, 0]], 
  "attrs": {"mxnet_version": ["int", 10300]}
}